EventYear,Event,Market,PreAvg_USD,PostAvg_USD,Delta_USD,PreAvg_Share,PostAvg_Share,Delta_Share
2013,None,China,,14895901451.135002,,,0.21020906594291144,
2013,None,United States,,1484983271.745,,,0.020977980168974716,
2013,None,Hong Kong,,21328183687.135002,,,0.3007829010907343,
2013,None,Singapore,,12362153080.345001,,,0.1743037030160784,
2013,None,Malaysia,,2328636632.46,,,0.032838948366875245,
2013,None,Vietnam,,416298868.71500003,,,0.005876086754207198,
2013,None,Japan,,5722267905.695001,,,0.08099508937579178,
2013,None,South Korea,,6989084580.52,,,0.09876422982660646,
2013,None,TOTAL (All markets),,547164057.4842085,,,0.007722007722007722,
2013,None,China,,14895901451.135002,,,0.21020906594291144,
2013,None,United States,,1484983271.745,,,0.020977980168974716,
2013,None,Hong Kong,,21328183687.135002,,,0.3007829010907343,
2013,None,Singapore,,12362153080.345001,,,0.1743037030160784,
2013,None,Malaysia,,2328636632.46,,,0.032838948366875245,
2013,None,Vietnam,,416298868.71500003,,,0.005876086754207198,
2013,None,Japan,,5722267905.695001,,,0.08099508937579178,
2013,None,South Korea,,6989084580.52,,,0.09876422982660646,
2013,None,TOTAL (All markets),,547164057.4842085,,,0.007722007722007722,
2013,None,China,,14895901451.135002,,,0.21020906594291144,
2013,None,United States,,1484983271.745,,,0.020977980168974716,
2013,None,Hong Kong,,21328183687.135002,,,0.3007829010907343,
2013,None,Singapore,,12362153080.345001,,,0.1743037030160784,
2013,None,Malaysia,,2328636632.46,,,0.032838948366875245,
2013,None,Vietnam,,416298868.71500003,,,0.005876086754207198,
2013,None,Japan,,5722267905.695001,,,0.08099508937579178,
2013,None,South Korea,,6989084580.52,,,0.09876422982660646,
2013,None,TOTAL (All markets),,547164057.4842085,,,0.007722007722007722,
2013,None,China,,14895901451.135002,,,0.21020906594291144,
2013,None,United States,,1484983271.745,,,0.020977980168974716,
2013,None,Hong Kong,,21328183687.135002,,,0.3007829010907343,
2013,None,Singapore,,12362153080.345001,,,0.1743037030160784,
2013,None,Malaysia,,2328636632.46,,,0.032838948366875245,
2013,None,Vietnam,,416298868.71500003,,,0.005876086754207198,
2013,None,Japan,,5722267905.695001,,,0.08099508937579178,
2013,None,South Korea,,6989084580.52,,,0.09876422982660646,
2013,None,TOTAL (All markets),,547164057.4842085,,,0.007722007722007722,
2014,None,China,13051806469.57,17239442623.895,4187636154.325001,0.2077547481603975,0.23226120351753354,0.024506455357136053
2014,None,United States,1355886119.88,1428037291.005,72151171.125,0.021582589354707808,0.019499343187715238,-0.0020832461669925695
2014,None,Hong Kong,19014571673.3,21648620575.015,2634048901.715,0.30266825964470623,0.29317226707965904,-0.009495992565047184
2014,None,Singapore,11773451290.8,11252341826.99,-521109463.80999947,0.18740627311641753,0.15325608102374824,-0.034150192092669285
2014,None,Malaysia,2244017057.6,2785692189.325,541675131.7249999,0.03571959174818225,0.0374056845124438,0.00168609276426155
2014,None,Vietnam,283566252.63,423479647.52,139913394.89,0.00451372272024458,0.005748814321548625,0.0012350916013040454
2014,None,Japan,4643032231.7300005,6589467443.24,1946435211.5099993,0.07390639711465584,0.0894851691972118,0.015578772082555967
2014,None,South Korea,6118736487.37,6928830138.02,810093650.6500006,0.09739621568532728,0.09451950497789757,-0.0028767107074297027
2014,None,TOTAL (All markets),461934882.67875,578795196.023608,116860313.34485799,0.007352941176470588,0.00784313725490196,0.0004901960784313725
2014,None,China,13051806469.57,17239442623.895,4187636154.325001,0.2077547481603975,0.23226120351753354,0.024506455357136053
2014,None,United States,1355886119.88,1428037291.005,72151171.125,0.021582589354707808,0.019499343187715238,-0.0020832461669925695
2014,None,Hong Kong,19014571673.3,21648620575.015,2634048901.715,0.30266825964470623,0.29317226707965904,-0.009495992565047184
2014,None,Singapore,11773451290.8,11252341826.99,-521109463.80999947,0.18740627311641753,0.15325608102374824,-0.034150192092669285
2014,None,Malaysia,2244017057.6,2785692189.325,541675131.7249999,0.03571959174818225,0.0374056845124438,0.00168609276426155
2014,None,Vietnam,283566252.63,423479647.52,139913394.89,0.00451372272024458,0.005748814321548625,0.0012350916013040454
2014,None,Japan,4643032231.7300005,6589467443.24,1946435211.5099993,0.07390639711465584,0.0894851691972118,0.015578772082555967
2014,None,South Korea,6118736487.37,6928830138.02,810093650.6500006,0.09739621568532728,0.09451950497789757,-0.0028767107074297027
2014,None,TOTAL (All markets),461934882.67875,578795196.023608,116860313.34485799,0.007352941176470588,0.00784313725490196,0.0004901960784313725
2014,None,China,13051806469.57,17239442623.895,4187636154.325001,0.2077547481603975,0.23226120351753354,0.024506455357136053
2014,None,United States,1355886119.88,1428037291.005,72151171.125,0.021582589354707808,0.019499343187715238,-0.0020832461669925695
2014,None,Hong Kong,19014571673.3,21648620575.015,2634048901.715,0.30266825964470623,0.29317226707965904,-0.009495992565047184
2014,None,Singapore,11773451290.8,11252341826.99,-521109463.80999947,0.18740627311641753,0.15325608102374824,-0.034150192092669285
2014,None,Malaysia,2244017057.6,2785692189.325,541675131.7249999,0.03571959174818225,0.0374056845124438,0.00168609276426155
2014,None,Vietnam,283566252.63,423479647.52,139913394.89,0.00451372272024458,0.005748814321548625,0.0012350916013040454
2014,None,Japan,4643032231.7300005,6589467443.24,1946435211.5099993,0.07390639711465584,0.0894851691972118,0.015578772082555967
2014,None,South Korea,6118736487.37,6928830138.02,810093650.6500006,0.09739621568532728,0.09451950497789757,-0.0028767107074297027
2014,None,TOTAL (All markets),461934882.67875,578795196.023608,116860313.34485799,0.007352941176470588,0.00784313725490196,0.0004901960784313725
2014,None,China,13051806469.57,17239442623.895,4187636154.325001,0.2077547481603975,0.23226120351753354,0.024506455357136053
2014,None,United States,1355886119.88,1428037291.005,72151171.125,0.021582589354707808,0.019499343187715238,-0.0020832461669925695
2014,None,Hong Kong,19014571673.3,21648620575.015,2634048901.715,0.30266825964470623,0.29317226707965904,-0.009495992565047184
2014,None,Singapore,11773451290.8,11252341826.99,-521109463.80999947,0.18740627311641753,0.15325608102374824,-0.034150192092669285
2014,None,Malaysia,2244017057.6,2785692189.325,541675131.7249999,0.03571959174818225,0.0374056845124438,0.00168609276426155
2014,None,Vietnam,283566252.63,423479647.52,139913394.89,0.00451372272024458,0.005748814321548625,0.0012350916013040454
2014,None,Japan,4643032231.7300005,6589467443.24,1946435211.5099993,0.07390639711465584,0.0894851691972118,0.015578772082555967
2014,None,South Korea,6118736487.37,6928830138.02,810093650.6500006,0.09739621568532728,0.09451950497789757,-0.0028767107074297027
2014,None,TOTAL (All markets),461934882.67875,578795196.023608,116860313.34485799,0.007352941176470588,0.00784313725490196,0.0004901960784313725
2015,None,China,14148523562.025002,23170589500.0,9022065937.974998,0.20931642493612423,0.27053940840731205,0.06122298347118782
2015,None,United States,1399263540.6799998,1374603500.0,-24660040.67999983,0.020768880282710116,0.01619310956964299,-0.004575770713067126
2015,None,Hong Kong,20766888948.77,23976755500.0,3209866551.2299995,0.30708134196065207,0.2824345640629541,-0.02464677789769798
2015,None,Singapore,12473820898.755001,11865225500.0,-608595398.7550011,0.1848184015976262,0.13927046356234943,-0.045547938035276764
2015,None,Malaysia,2352898471.935,4368010000.0,2015111528.065,0.034885944592067564,0.05062696768393806,0.015741023091870497
2015,None,Vietnam,352490347.51,552207500.0,199717152.49,0.005171445644465703,0.006409112764115267,0.0012376671196495641
2015,None,Japan,4824912578.320001,6805347500.0,1980434921.6799994,0.07158115267096404,0.08032790687597578,0.00874675420501174
2015,None,South Korea,6399736686.184999,6685821000.0,286084313.81500053,0.0949033841080516,0.07885577505774904,-0.016047609050302558
2015,None,TOTAL (All markets),507959529.87481207,684654240.9638554,176694711.08904332,0.007518796992481204,0.008032128514056224,0.0005133315215750198
2015,None,China,14148523562.025002,23170589500.0,9022065937.974998,0.20931642493612423,0.27053940840731205,0.06122298347118782
2015,None,United States,1399263540.6799998,1374603500.0,-24660040.67999983,0.020768880282710116,0.01619310956964299,-0.004575770713067126
2015,None,Hong Kong,20766888948.77,23976755500.0,3209866551.2299995,0.30708134196065207,0.2824345640629541,-0.02464677789769798
2015,None,Singapore,12473820898.755001,11865225500.0,-608595398.7550011,0.1848184015976262,0.13927046356234943,-0.045547938035276764
2015,None,Malaysia,2352898471.935,4368010000.0,2015111528.065,0.034885944592067564,0.05062696768393806,0.015741023091870497
2015,None,Vietnam,352490347.51,552207500.0,199717152.49,0.005171445644465703,0.006409112764115267,0.0012376671196495641
2015,None,Japan,4824912578.320001,6805347500.0,1980434921.6799994,0.07158115267096404,0.08032790687597578,0.00874675420501174
2015,None,South Korea,6399736686.184999,6685821000.0,286084313.81500053,0.0949033841080516,0.07885577505774904,-0.016047609050302558
2015,None,TOTAL (All markets),507959529.87481207,684654240.9638554,176694711.08904332,0.007518796992481204,0.008032128514056224,0.0005133315215750198
2015,None,China,14148523562.025002,23170589500.0,9022065937.974998,0.20931642493612423,0.27053940840731205,0.06122298347118782
2015,None,United States,1399263540.6799998,1374603500.0,-24660040.67999983,0.020768880282710116,0.01619310956964299,-0.004575770713067126
2015,None,Hong Kong,20766888948.77,23976755500.0,3209866551.2299995,0.30708134196065207,0.2824345640629541,-0.02464677789769798
2015,None,Singapore,12473820898.755001,11865225500.0,-608595398.7550011,0.1848184015976262,0.13927046356234943,-0.045547938035276764
2015,None,Malaysia,2352898471.935,4368010000.0,2015111528.065,0.034885944592067564,0.05062696768393806,0.015741023091870497
2015,None,Vietnam,352490347.51,552207500.0,199717152.49,0.005171445644465703,0.006409112764115267,0.0012376671196495641
2015,None,Japan,4824912578.320001,6805347500.0,1980434921.6799994,0.07158115267096404,0.08032790687597578,0.00874675420501174
2015,None,South Korea,6399736686.184999,6685821000.0,286084313.81500053,0.0949033841080516,0.07885577505774904,-0.016047609050302558
2015,None,TOTAL (All markets),507959529.87481207,684654240.9638554,176694711.08904332,0.007518796992481204,0.008032128514056224,0.0005133315215750198
2015,None,China,14148523562.025002,23170589500.0,9022065937.974998,0.20931642493612423,0.27053940840731205,0.06122298347118782
2015,None,United States,1399263540.6799998,1374603500.0,-24660040.67999983,0.020768880282710116,0.01619310956964299,-0.004575770713067126
2015,None,Hong Kong,20766888948.77,23976755500.0,3209866551.2299995,0.30708134196065207,0.2824345640629541,-0.02464677789769798
2015,None,Singapore,12473820898.755001,11865225500.0,-608595398.7550011,0.1848184015976262,0.13927046356234943,-0.045547938035276764
2015,None,Malaysia,2352898471.935,4368010000.0,2015111528.065,0.034885944592067564,0.05062696768393806,0.015741023091870497
2015,None,Vietnam,352490347.51,552207500.0,199717152.49,0.005171445644465703,0.006409112764115267,0.0012376671196495641
2015,None,Japan,4824912578.320001,6805347500.0,1980434921.6799994,0.07158115267096404,0.08032790687597578,0.00874675420501174
2015,None,South Korea,6399736686.184999,6685821000.0,286084313.81500053,0.0949033841080516,0.07885577505774904,-0.016047609050302558
2015,None,TOTAL (All markets),507959529.87481207,684654240.9638554,176694711.08904332,0.007518796992481204,0.008032128514056224,0.0005133315215750198
2016,None,China,14895901451.135002,28406924500.0,13511023048.864998,0.21020906594291144,0.3015612087910781,0.09135214284816667
2016,None,United States,1484983271.745,1462580000.0,-22403271.744999886,0.020977980168974716,0.015538754473157834,-0.005439225695816882
2016,None,Hong Kong,21328183687.135002,24989582500.0,3661398812.864998,0.3007829010907343,0.2656009588330529,-0.0351819422576814
2016,None,Singapore,12362153080.345001,12233637500.0,-128515580.34500122,0.1743037030160784,0.1301545691086513,-0.044149133907427085
2016,None,Malaysia,2328636632.46,5336634500.0,3007997867.54,0.032838948366875245,0.05673353670248679,0.023894588335611547
2016,None,Vietnam,416298868.71500003,541834000.0,125535131.28499997,0.005876086754207198,0.0057855076179250085,-9.057913628218988e-05
2016,None,Japan,5722267905.695001,7058031000.0,1335763094.3049994,0.08099508937579178,0.07498898789448216,-0.006006101481309617
2016,None,South Korea,6989084580.52,6659718000.0,-329366580.52000046,0.09876422982660646,0.07082405955592475,-0.027940170270681713
2016,None,TOTAL (All markets),547164057.4842085,746882841.2698413,199718783.78563285,0.007722007722007722,0.007936507936507936,0.00021450021450021388
2016,None,China,14895901451.135002,28406924500.0,13511023048.864998,0.21020906594291144,0.3015612087910781,0.09135214284816667
2016,None,United States,1484983271.745,1462580000.0,-22403271.744999886,0.020977980168974716,0.015538754473157834,-0.005439225695816882
2016,None,Hong Kong,21328183687.135002,24989582500.0,3661398812.864998,0.3007829010907343,0.2656009588330529,-0.0351819422576814
2016,None,Singapore,12362153080.345001,12233637500.0,-128515580.34500122,0.1743037030160784,0.1301545691086513,-0.044149133907427085
2016,None,Malaysia,2328636632.46,5336634500.0,3007997867.54,0.032838948366875245,0.05673353670248679,0.023894588335611547
2016,None,Vietnam,416298868.71500003,541834000.0,125535131.28499997,0.005876086754207198,0.0057855076179250085,-9.057913628218988e-05
2016,None,Japan,5722267905.695001,7058031000.0,1335763094.3049994,0.08099508937579178,0.07498898789448216,-0.006006101481309617
2016,None,South Korea,6989084580.52,6659718000.0,-329366580.52000046,0.09876422982660646,0.07082405955592475,-0.027940170270681713
2016,None,TOTAL (All markets),547164057.4842085,746882841.2698413,199718783.78563285,0.007722007722007722,0.007936507936507936,0.00021450021450021388
2016,None,China,14895901451.135002,28406924500.0,13511023048.864998,0.21020906594291144,0.3015612087910781,0.09135214284816667
2016,None,United States,1484983271.745,1462580000.0,-22403271.744999886,0.020977980168974716,0.015538754473157834,-0.005439225695816882
2016,None,Hong Kong,21328183687.135002,24989582500.0,3661398812.864998,0.3007829010907343,0.2656009588330529,-0.0351819422576814
2016,None,Singapore,12362153080.345001,12233637500.0,-128515580.34500122,0.1743037030160784,0.1301545691086513,-0.044149133907427085
2016,None,Malaysia,2328636632.46,5336634500.0,3007997867.54,0.032838948366875245,0.05673353670248679,0.023894588335611547
2016,None,Vietnam,416298868.71500003,541834000.0,125535131.28499997,0.005876086754207198,0.0057855076179250085,-9.057913628218988e-05
2016,None,Japan,5722267905.695001,7058031000.0,1335763094.3049994,0.08099508937579178,0.07498898789448216,-0.006006101481309617
2016,None,South Korea,6989084580.52,6659718000.0,-329366580.52000046,0.09876422982660646,0.07082405955592475,-0.027940170270681713
2016,None,TOTAL (All markets),547164057.4842085,746882841.2698413,199718783.78563285,0.007722007722007722,0.007936507936507936,0.00021450021450021388
2016,None,China,14895901451.135002,28406924500.0,13511023048.864998,0.21020906594291144,0.3015612087910781,0.09135214284816667
2016,None,United States,1484983271.745,1462580000.0,-22403271.744999886,0.020977980168974716,0.015538754473157834,-0.005439225695816882
2016,None,Hong Kong,21328183687.135002,24989582500.0,3661398812.864998,0.3007829010907343,0.2656009588330529,-0.0351819422576814
2016,None,Singapore,12362153080.345001,12233637500.0,-128515580.34500122,0.1743037030160784,0.1301545691086513,-0.044149133907427085
2016,None,Malaysia,2328636632.46,5336634500.0,3007997867.54,0.032838948366875245,0.05673353670248679,0.023894588335611547
2016,None,Vietnam,416298868.71500003,541834000.0,125535131.28499997,0.005876086754207198,0.0057855076179250085,-9.057913628218988e-05
2016,None,Japan,5722267905.695001,7058031000.0,1335763094.3049994,0.08099508937579178,0.07498898789448216,-0.006006101481309617
2016,None,South Korea,6989084580.52,6659718000.0,-329366580.52000046,0.09876422982660646,0.07082405955592475,-0.027940170270681713
2016,None,TOTAL (All markets),547164057.4842085,746882841.2698413,199718783.78563285,0.007722007722007722,0.007936507936507936,0.00021450021450021388
2017,None,China,17239442623.895,31457347000.0,14217904376.105,0.23226120351753354,0.3205480775339511,0.08828687401641755
2017,None,United States,1428037291.005,1505604500.0,77567208.99499989,0.019499343187715238,0.015353336699434502,-0.004146006488280736
2017,None,Hong Kong,21648620575.015,25961727000.0,4313106424.985001,0.29317226707965904,0.2645693118390686,-0.028602955240590422
2017,None,Singapore,11252341826.99,11856325500.0,603983673.0100002,0.15325608102374824,0.12086819533606265,-0.032387885687685594
2017,None,Malaysia,2785692189.325,4998409000.0,2212716810.675,0.0374056845124438,0.05104387591366559,0.013638191401221793
2017,None,Vietnam,423479647.52,526701500.0,103221852.48000002,0.005748814321548625,0.005345495050035487,-0.00040331927151313843
2017,None,Japan,6589467443.24,7676479000.0,1087011556.7600002,0.0894851691972118,0.07818308794494071,-0.011302081252271098
2017,None,South Korea,6928830138.02,6738414500.0,-190415638.02000046,0.09451950497789757,0.06866281456679715,-0.02585669041110042
2017,None,TOTAL (All markets),578795196.023608,800913469.3877552,222118273.3641472,0.00784313725490196,0.008163265306122448,0.0003201280512204873
2017,None,China,17239442623.895,31457347000.0,14217904376.105,0.23226120351753354,0.3205480775339511,0.08828687401641755
2017,None,United States,1428037291.005,1505604500.0,77567208.99499989,0.019499343187715238,0.015353336699434502,-0.004146006488280736
2017,None,Hong Kong,21648620575.015,25961727000.0,4313106424.985001,0.29317226707965904,0.2645693118390686,-0.028602955240590422
2017,None,Singapore,11252341826.99,11856325500.0,603983673.0100002,0.15325608102374824,0.12086819533606265,-0.032387885687685594
2017,None,Malaysia,2785692189.325,4998409000.0,2212716810.675,0.0374056845124438,0.05104387591366559,0.013638191401221793
2017,None,Vietnam,423479647.52,526701500.0,103221852.48000002,0.005748814321548625,0.005345495050035487,-0.00040331927151313843
2017,None,Japan,6589467443.24,7676479000.0,1087011556.7600002,0.0894851691972118,0.07818308794494071,-0.011302081252271098
2017,None,South Korea,6928830138.02,6738414500.0,-190415638.02000046,0.09451950497789757,0.06866281456679715,-0.02585669041110042
2017,None,TOTAL (All markets),578795196.023608,800913469.3877552,222118273.3641472,0.00784313725490196,0.008163265306122448,0.0003201280512204873
2017,None,China,17239442623.895,31457347000.0,14217904376.105,0.23226120351753354,0.3205480775339511,0.08828687401641755
2017,None,United States,1428037291.005,1505604500.0,77567208.99499989,0.019499343187715238,0.015353336699434502,-0.004146006488280736
2017,None,Hong Kong,21648620575.015,25961727000.0,4313106424.985001,0.29317226707965904,0.2645693118390686,-0.028602955240590422
2017,None,Singapore,11252341826.99,11856325500.0,603983673.0100002,0.15325608102374824,0.12086819533606265,-0.032387885687685594
2017,None,Malaysia,2785692189.325,4998409000.0,2212716810.675,0.0374056845124438,0.05104387591366559,0.013638191401221793
2017,None,Vietnam,423479647.52,526701500.0,103221852.48000002,0.005748814321548625,0.005345495050035487,-0.00040331927151313843
2017,None,Japan,6589467443.24,7676479000.0,1087011556.7600002,0.0894851691972118,0.07818308794494071,-0.011302081252271098
2017,None,South Korea,6928830138.02,6738414500.0,-190415638.02000046,0.09451950497789757,0.06866281456679715,-0.02585669041110042
2017,None,TOTAL (All markets),578795196.023608,800913469.3877552,222118273.3641472,0.00784313725490196,0.008163265306122448,0.0003201280512204873
2017,None,China,17239442623.895,31457347000.0,14217904376.105,0.23226120351753354,0.3205480775339511,0.08828687401641755
2017,None,United States,1428037291.005,1505604500.0,77567208.99499989,0.019499343187715238,0.015353336699434502,-0.004146006488280736
2017,None,Hong Kong,21648620575.015,25961727000.0,4313106424.985001,0.29317226707965904,0.2645693118390686,-0.028602955240590422
2017,None,Singapore,11252341826.99,11856325500.0,603983673.0100002,0.15325608102374824,0.12086819533606265,-0.032387885687685594
2017,None,Malaysia,2785692189.325,4998409000.0,2212716810.675,0.0374056845124438,0.05104387591366559,0.013638191401221793
2017,None,Vietnam,423479647.52,526701500.0,103221852.48000002,0.005748814321548625,0.005345495050035487,-0.00040331927151313843
2017,None,Japan,6589467443.24,7676479000.0,1087011556.7600002,0.0894851691972118,0.07818308794494071,-0.011302081252271098
2017,None,South Korea,6928830138.02,6738414500.0,-190415638.02000046,0.09451950497789757,0.06866281456679715,-0.02585669041110042
2017,None,TOTAL (All markets),578795196.023608,800913469.3877552,222118273.3641472,0.00784313725490196,0.008163265306122448,0.0003201280512204873
2018,US-China trade war begins (Section 301 tariffs),China,23170589500.0,37249699000.0,14079109500.0,0.27053940840731205,0.3335796058889326,0.06304019748162054
2018,US-China trade war begins (Section 301 tariffs),United States,1374603500.0,1561102000.0,186498500.0,0.01619310956964299,0.014109504347996179,-0.002083605221646811
2018,US-China trade war begins (Section 301 tariffs),Hong Kong,23976755500.0,29864451500.0,5887696000.0,0.2824345640629541,0.2680483679375462,-0.014386196125407869
2018,US-China trade war begins (Section 301 tariffs),Singapore,11865225500.0,13245565500.0,1380340000.0,0.13927046356234943,0.11903159600753968,-0.020238867554809747
2018,US-China trade war begins (Section 301 tariffs),Malaysia,4368010000.0,4752645000.0,384635000.0,0.05062696768393806,0.04304261376936125,-0.007584353914576812
2018,US-China trade war begins (Section 301 tariffs),Vietnam,552207500.0,790858000.0,238650500.0,0.006409112764115267,0.007035713461350328,0.0006266006972350602
2018,US-China trade war begins (Section 301 tariffs),Japan,6805347500.0,8726514500.0,1921167000.0,0.08032790687597578,0.07858865268816306,-0.0017392541878127193
2018,US-China trade war begins (Section 301 tariffs),South Korea,6685821000.0,7809822000.0,1124001000.0,0.07885577505774904,0.07007606879075129,-0.008779706266997755
2018,US-China trade war begins (Section 301 tariffs),TOTAL (All markets),684654240.9638554,943661135.5932204,259006894.62936497,0.008032128514056224,0.00847457627118644,0.0004424477571302165
2018,US-China trade war begins (Section 301 tariffs),China,23170589500.0,37249699000.0,14079109500.0,0.27053940840731205,0.3335796058889326,0.06304019748162054
2018,US-China trade war begins (Section 301 tariffs),United States,1374603500.0,1561102000.0,186498500.0,0.01619310956964299,0.014109504347996179,-0.002083605221646811
2018,US-China trade war begins (Section 301 tariffs),Hong Kong,23976755500.0,29864451500.0,5887696000.0,0.2824345640629541,0.2680483679375462,-0.014386196125407869
2018,US-China trade war begins (Section 301 tariffs),Singapore,11865225500.0,13245565500.0,1380340000.0,0.13927046356234943,0.11903159600753968,-0.020238867554809747
2018,US-China trade war begins (Section 301 tariffs),Malaysia,4368010000.0,4752645000.0,384635000.0,0.05062696768393806,0.04304261376936125,-0.007584353914576812
2018,US-China trade war begins (Section 301 tariffs),Vietnam,552207500.0,790858000.0,238650500.0,0.006409112764115267,0.007035713461350328,0.0006266006972350602
2018,US-China trade war begins (Section 301 tariffs),Japan,6805347500.0,8726514500.0,1921167000.0,0.08032790687597578,0.07858865268816306,-0.0017392541878127193
2018,US-China trade war begins (Section 301 tariffs),South Korea,6685821000.0,7809822000.0,1124001000.0,0.07885577505774904,0.07007606879075129,-0.008779706266997755
2018,US-China trade war begins (Section 301 tariffs),TOTAL (All markets),684654240.9638554,943661135.5932204,259006894.62936497,0.008032128514056224,0.00847457627118644,0.0004424477571302165
2018,US-China trade war begins (Section 301 tariffs),China,23170589500.0,37249699000.0,14079109500.0,0.27053940840731205,0.3335796058889326,0.06304019748162054
2018,US-China trade war begins (Section 301 tariffs),United States,1374603500.0,1561102000.0,186498500.0,0.01619310956964299,0.014109504347996179,-0.002083605221646811
2018,US-China trade war begins (Section 301 tariffs),Hong Kong,23976755500.0,29864451500.0,5887696000.0,0.2824345640629541,0.2680483679375462,-0.014386196125407869
2018,US-China trade war begins (Section 301 tariffs),Singapore,11865225500.0,13245565500.0,1380340000.0,0.13927046356234943,0.11903159600753968,-0.020238867554809747
2018,US-China trade war begins (Section 301 tariffs),Malaysia,4368010000.0,4752645000.0,384635000.0,0.05062696768393806,0.04304261376936125,-0.007584353914576812
2018,US-China trade war begins (Section 301 tariffs),Vietnam,552207500.0,790858000.0,238650500.0,0.006409112764115267,0.007035713461350328,0.0006266006972350602
2018,US-China trade war begins (Section 301 tariffs),Japan,6805347500.0,8726514500.0,1921167000.0,0.08032790687597578,0.07858865268816306,-0.0017392541878127193
2018,US-China trade war begins (Section 301 tariffs),South Korea,6685821000.0,7809822000.0,1124001000.0,0.07885577505774904,0.07007606879075129,-0.008779706266997755
2018,US-China trade war begins (Section 301 tariffs),TOTAL (All markets),684654240.9638554,943661135.5932204,259006894.62936497,0.008032128514056224,0.00847457627118644,0.0004424477571302165
2018,US-China trade war begins (Section 301 tariffs),China,23170589500.0,37249699000.0,14079109500.0,0.27053940840731205,0.3335796058889326,0.06304019748162054
2018,US-China trade war begins (Section 301 tariffs),United States,1374603500.0,1561102000.0,186498500.0,0.01619310956964299,0.014109504347996179,-0.002083605221646811
2018,US-China trade war begins (Section 301 tariffs),Hong Kong,23976755500.0,29864451500.0,5887696000.0,0.2824345640629541,0.2680483679375462,-0.014386196125407869
2018,US-China trade war begins (Section 301 tariffs),Singapore,11865225500.0,13245565500.0,1380340000.0,0.13927046356234943,0.11903159600753968,-0.020238867554809747
2018,US-China trade war begins (Section 301 tariffs),Malaysia,4368010000.0,4752645000.0,384635000.0,0.05062696768393806,0.04304261376936125,-0.007584353914576812
2018,US-China trade war begins (Section 301 tariffs),Vietnam,552207500.0,790858000.0,238650500.0,0.006409112764115267,0.007035713461350328,0.0006266006972350602
2018,US-China trade war begins (Section 301 tariffs),Japan,6805347500.0,8726514500.0,1921167000.0,0.08032790687597578,0.07858865268816306,-0.0017392541878127193
2018,US-China trade war begins (Section 301 tariffs),South Korea,6685821000.0,7809822000.0,1124001000.0,0.07885577505774904,0.07007606879075129,-0.008779706266997755
2018,US-China trade war begins (Section 301 tariffs),TOTAL (All markets),684654240.9638554,943661135.5932204,259006894.62936497,0.008032128514056224,0.00847457627118644,0.0004424477571302165
2019,None,China,28406924500.0,45508559500.0,17101635000.0,0.3015612087910781,0.329192959390878,0.027631750599799887
2019,None,United States,1462580000.0,1825774500.0,363194500.0,0.015538754473157834,0.013147075122553994,-0.00239167935060384
2019,None,Hong Kong,24989582500.0,38833770000.0,13844187500.0,0.2656009588330529,0.27843955365996265,0.012838594826909744
2019,None,Singapore,12233637500.0,16616080000.0,4382442500.0,0.1301545691086513,0.1194455797678752,-0.010708989340776104
2019,None,Malaysia,5336634500.0,5549185000.0,212550500.0,0.05673353670248679,0.03988120525422224,-0.01685233144826455
2019,None,Vietnam,541834000.0,1403905500.0,862071500.0,0.0057855076179250085,0.009849154346289045,0.004063646728364036
2019,None,Japan,7058031000.0,10620317500.0,3562286500.0,0.07498898789448216,0.07643003879451019,0.0014410509000280236
2019,None,South Korea,6659718000.0,10127679000.0,3467961000.0,0.07082405955592475,0.07265660890705342,0.0018325493511286706
2019,None,TOTAL (All markets),746882841.2698413,1162691334.7280335,415808493.4581922,0.007936507936507936,0.008368200836820083,0.0004316929003121469
2019,None,China,28406924500.0,45508559500.0,17101635000.0,0.3015612087910781,0.329192959390878,0.027631750599799887
2019,None,United States,1462580000.0,1825774500.0,363194500.0,0.015538754473157834,0.013147075122553994,-0.00239167935060384
2019,None,Hong Kong,24989582500.0,38833770000.0,13844187500.0,0.2656009588330529,0.27843955365996265,0.012838594826909744
2019,None,Singapore,12233637500.0,16616080000.0,4382442500.0,0.1301545691086513,0.1194455797678752,-0.010708989340776104
2019,None,Malaysia,5336634500.0,5549185000.0,212550500.0,0.05673353670248679,0.03988120525422224,-0.01685233144826455
2019,None,Vietnam,541834000.0,1403905500.0,862071500.0,0.0057855076179250085,0.009849154346289045,0.004063646728364036
2019,None,Japan,7058031000.0,10620317500.0,3562286500.0,0.07498898789448216,0.07643003879451019,0.0014410509000280236
2019,None,South Korea,6659718000.0,10127679000.0,3467961000.0,0.07082405955592475,0.07265660890705342,0.0018325493511286706
2019,None,TOTAL (All markets),746882841.2698413,1162691334.7280335,415808493.4581922,0.007936507936507936,0.008368200836820083,0.0004316929003121469
2019,None,China,28406924500.0,45508559500.0,17101635000.0,0.3015612087910781,0.329192959390878,0.027631750599799887
2019,None,United States,1462580000.0,1825774500.0,363194500.0,0.015538754473157834,0.013147075122553994,-0.00239167935060384
2019,None,Hong Kong,24989582500.0,38833770000.0,13844187500.0,0.2656009588330529,0.27843955365996265,0.012838594826909744
2019,None,Singapore,12233637500.0,16616080000.0,4382442500.0,0.1301545691086513,0.1194455797678752,-0.010708989340776104
2019,None,Malaysia,5336634500.0,5549185000.0,212550500.0,0.05673353670248679,0.03988120525422224,-0.01685233144826455
2019,None,Vietnam,541834000.0,1403905500.0,862071500.0,0.0057855076179250085,0.009849154346289045,0.004063646728364036
2019,None,Japan,7058031000.0,10620317500.0,3562286500.0,0.07498898789448216,0.07643003879451019,0.0014410509000280236
2019,None,South Korea,6659718000.0,10127679000.0,3467961000.0,0.07082405955592475,0.07265660890705342,0.0018325493511286706
2019,None,TOTAL (All markets),746882841.2698413,1162691334.7280335,415808493.4581922,0.007936507936507936,0.008368200836820083,0.0004316929003121469
2019,None,China,28406924500.0,45508559500.0,17101635000.0,0.3015612087910781,0.329192959390878,0.027631750599799887
2019,None,United States,1462580000.0,1825774500.0,363194500.0,0.015538754473157834,0.013147075122553994,-0.00239167935060384
2019,None,Hong Kong,24989582500.0,38833770000.0,13844187500.0,0.2656009588330529,0.27843955365996265,0.012838594826909744
2019,None,Singapore,12233637500.0,16616080000.0,4382442500.0,0.1301545691086513,0.1194455797678752,-0.010708989340776104
2019,None,Malaysia,5336634500.0,5549185000.0,212550500.0,0.05673353670248679,0.03988120525422224,-0.01685233144826455
2019,None,Vietnam,541834000.0,1403905500.0,862071500.0,0.0057855076179250085,0.009849154346289045,0.004063646728364036
2019,None,Japan,7058031000.0,10620317500.0,3562286500.0,0.07498898789448216,0.07643003879451019,0.0014410509000280236
2019,None,South Korea,6659718000.0,10127679000.0,3467961000.0,0.07082405955592475,0.07265660890705342,0.0018325493511286706
2019,None,TOTAL (All markets),746882841.2698413,1162691334.7280335,415808493.4581922,0.007936507936507936,0.008368200836820083,0.0004316929003121469
2020,US-China trade tensions continue,China,31457347000.0,53286905000.0,21829558000.0,0.3205480775339511,0.31390861012238946,-0.006639467411561628
2020,US-China trade tensions continue,United States,1505604500.0,2634857500.0,1129253000.0,0.015353336699434502,0.015327472815086906,-2.5863884347596122e-05
2020,US-China trade tensions continue,Hong Kong,25961727000.0,46940044500.0,20978317500.0,0.2645693118390686,0.277264232068045,0.012694920228976392
2020,US-China trade tensions continue,Singapore,11856325500.0,19637883000.0,7781557500.0,0.12086819533606265,0.11603226736737493,-0.004835927968687717
2020,US-China trade tensions continue,Malaysia,4998409000.0,7786039500.0,2787630500.0,0.05104387591366559,0.045423319131302965,-0.005620556782362625
2020,US-China trade tensions continue,Vietnam,526701500.0,2164844500.0,1638143000.0,0.005345495050035487,0.012689232180845163,0.007343737130809677
2020,US-China trade tensions continue,Japan,7676479000.0,13838115500.0,6161636500.0,0.07818308794494071,0.08110006067531997,0.002916972730379261
2020,US-China trade tensions continue,South Korea,6738414500.0,12800576500.0,6062162000.0,0.06866281456679715,0.07532065855178408,0.006657843984986922
2020,US-China trade tensions continue,TOTAL (All markets),800913469.3877552,1483111419.2139738,682197949.8262186,0.008163265306122448,0.008733624454148471,0.0005703591480260232
2020,US-China trade tensions continue,China,31457347000.0,53286905000.0,21829558000.0,0.3205480775339511,0.31390861012238946,-0.006639467411561628
2020,US-China trade tensions continue,United States,1505604500.0,2634857500.0,1129253000.0,0.015353336699434502,0.015327472815086906,-2.5863884347596122e-05
2020,US-China trade tensions continue,Hong Kong,25961727000.0,46940044500.0,20978317500.0,0.2645693118390686,0.277264232068045,0.012694920228976392
2020,US-China trade tensions continue,Singapore,11856325500.0,19637883000.0,7781557500.0,0.12086819533606265,0.11603226736737493,-0.004835927968687717
2020,US-China trade tensions continue,Malaysia,4998409000.0,7786039500.0,2787630500.0,0.05104387591366559,0.045423319131302965,-0.005620556782362625
2020,US-China trade tensions continue,Vietnam,526701500.0,2164844500.0,1638143000.0,0.005345495050035487,0.012689232180845163,0.007343737130809677
2020,US-China trade tensions continue,Japan,7676479000.0,13838115500.0,6161636500.0,0.07818308794494071,0.08110006067531997,0.002916972730379261
2020,US-China trade tensions continue,South Korea,6738414500.0,12800576500.0,6062162000.0,0.06866281456679715,0.07532065855178408,0.006657843984986922
2020,US-China trade tensions continue,TOTAL (All markets),800913469.3877552,1483111419.2139738,682197949.8262186,0.008163265306122448,0.008733624454148471,0.0005703591480260232
2020,US-China trade tensions continue,China,31457347000.0,53286905000.0,21829558000.0,0.3205480775339511,0.31390861012238946,-0.006639467411561628
2020,US-China trade tensions continue,United States,1505604500.0,2634857500.0,1129253000.0,0.015353336699434502,0.015327472815086906,-2.5863884347596122e-05
2020,US-China trade tensions continue,Hong Kong,25961727000.0,46940044500.0,20978317500.0,0.2645693118390686,0.277264232068045,0.012694920228976392
2020,US-China trade tensions continue,Singapore,11856325500.0,19637883000.0,7781557500.0,0.12086819533606265,0.11603226736737493,-0.004835927968687717
2020,US-China trade tensions continue,Malaysia,4998409000.0,7786039500.0,2787630500.0,0.05104387591366559,0.045423319131302965,-0.005620556782362625
2020,US-China trade tensions continue,Vietnam,526701500.0,2164844500.0,1638143000.0,0.005345495050035487,0.012689232180845163,0.007343737130809677
2020,US-China trade tensions continue,Japan,7676479000.0,13838115500.0,6161636500.0,0.07818308794494071,0.08110006067531997,0.002916972730379261
2020,US-China trade tensions continue,South Korea,6738414500.0,12800576500.0,6062162000.0,0.06866281456679715,0.07532065855178408,0.006657843984986922
2020,US-China trade tensions continue,TOTAL (All markets),800913469.3877552,1483111419.2139738,682197949.8262186,0.008163265306122448,0.008733624454148471,0.0005703591480260232
2020,US-China trade tensions continue,China,31457347000.0,53286905000.0,21829558000.0,0.3205480775339511,0.31390861012238946,-0.006639467411561628
2020,US-China trade tensions continue,United States,1505604500.0,2634857500.0,1129253000.0,0.015353336699434502,0.015327472815086906,-2.5863884347596122e-05
2020,US-China trade tensions continue,Hong Kong,25961727000.0,46940044500.0,20978317500.0,0.2645693118390686,0.277264232068045,0.012694920228976392
2020,US-China trade tensions continue,Singapore,11856325500.0,19637883000.0,7781557500.0,0.12086819533606265,0.11603226736737493,-0.004835927968687717
2020,US-China trade tensions continue,Malaysia,4998409000.0,7786039500.0,2787630500.0,0.05104387591366559,0.045423319131302965,-0.005620556782362625
2020,US-China trade tensions continue,Vietnam,526701500.0,2164844500.0,1638143000.0,0.005345495050035487,0.012689232180845163,0.007343737130809677
2020,US-China trade tensions continue,Japan,7676479000.0,13838115500.0,6161636500.0,0.07818308794494071,0.08110006067531997,0.002916972730379261
2020,US-China trade tensions continue,South Korea,6738414500.0,12800576500.0,6062162000.0,0.06866281456679715,0.07532065855178408,0.006657843984986922
2020,US-China trade tensions continue,TOTAL (All markets),800913469.3877552,1483111419.2139738,682197949.8262186,0.008163265306122448,0.008733624454148471,0.0005703591480260232
2021,None,China,37249699000.0,52409531000.0,15159832000.0,0.3335796058889326,0.2981191760891705,-0.035460429799762105
2021,None,United States,1561102000.0,3365778500.0,1804676500.0,0.014109504347996179,0.019277273427116617,0.0051677690791204385
2021,None,Hong Kong,29864451500.0,46157628000.0,16293176500.0,0.2680483679375462,0.26297865780653673,-0.005069710131009486
2021,None,Singapore,13245565500.0,20804466500.0,7558901000.0,0.11903159600753968,0.11900649197192889,-2.510403561079011e-05
2021,None,Malaysia,4752645000.0,9004253000.0,4251608000.0,0.04304261376936125,0.05138741509003389,0.00834480132067264
2021,None,Vietnam,790858000.0,2612159000.0,1821301000.0,0.007035713461350328,0.014973689134857048,0.007937975673506719
2021,None,Japan,8726514500.0,15718932000.0,6992417500.0,0.07858865268816306,0.08983518927406092,0.01124653658589786
2021,None,South Korea,7809822000.0,12686237500.0,4876415500.0,0.07007606879075129,0.07214353182712357,0.0020674630363722857
2021,None,TOTAL (All markets),943661135.5932204,1594340781.8181818,650679646.2249614,0.00847457627118644,0.00909090909090909,0.0006163328197226498
2021,None,China,37249699000.0,52409531000.0,15159832000.0,0.3335796058889326,0.2981191760891705,-0.035460429799762105
2021,None,United States,1561102000.0,3365778500.0,1804676500.0,0.014109504347996179,0.019277273427116617,0.0051677690791204385
2021,None,Hong Kong,29864451500.0,46157628000.0,16293176500.0,0.2680483679375462,0.26297865780653673,-0.005069710131009486
2021,None,Singapore,13245565500.0,20804466500.0,7558901000.0,0.11903159600753968,0.11900649197192889,-2.510403561079011e-05
2021,None,Malaysia,4752645000.0,9004253000.0,4251608000.0,0.04304261376936125,0.05138741509003389,0.00834480132067264
2021,None,Vietnam,790858000.0,2612159000.0,1821301000.0,0.007035713461350328,0.014973689134857048,0.007937975673506719
2021,None,Japan,8726514500.0,15718932000.0,6992417500.0,0.07858865268816306,0.08983518927406092,0.01124653658589786
2021,None,South Korea,7809822000.0,12686237500.0,4876415500.0,0.07007606879075129,0.07214353182712357,0.0020674630363722857
2021,None,TOTAL (All markets),943661135.5932204,1594340781.8181818,650679646.2249614,0.00847457627118644,0.00909090909090909,0.0006163328197226498
2021,None,China,37249699000.0,52409531000.0,15159832000.0,0.3335796058889326,0.2981191760891705,-0.035460429799762105
2021,None,United States,1561102000.0,3365778500.0,1804676500.0,0.014109504347996179,0.019277273427116617,0.0051677690791204385
2021,None,Hong Kong,29864451500.0,46157628000.0,16293176500.0,0.2680483679375462,0.26297865780653673,-0.005069710131009486
2021,None,Singapore,13245565500.0,20804466500.0,7558901000.0,0.11903159600753968,0.11900649197192889,-2.510403561079011e-05
2021,None,Malaysia,4752645000.0,9004253000.0,4251608000.0,0.04304261376936125,0.05138741509003389,0.00834480132067264
2021,None,Vietnam,790858000.0,2612159000.0,1821301000.0,0.007035713461350328,0.014973689134857048,0.007937975673506719
2021,None,Japan,8726514500.0,15718932000.0,6992417500.0,0.07858865268816306,0.08983518927406092,0.01124653658589786
2021,None,South Korea,7809822000.0,12686237500.0,4876415500.0,0.07007606879075129,0.07214353182712357,0.0020674630363722857
2021,None,TOTAL (All markets),943661135.5932204,1594340781.8181818,650679646.2249614,0.00847457627118644,0.00909090909090909,0.0006163328197226498
2021,None,China,37249699000.0,52409531000.0,15159832000.0,0.3335796058889326,0.2981191760891705,-0.035460429799762105
2021,None,United States,1561102000.0,3365778500.0,1804676500.0,0.014109504347996179,0.019277273427116617,0.0051677690791204385
2021,None,Hong Kong,29864451500.0,46157628000.0,16293176500.0,0.2680483679375462,0.26297865780653673,-0.005069710131009486
2021,None,Singapore,13245565500.0,20804466500.0,7558901000.0,0.11903159600753968,0.11900649197192889,-2.510403561079011e-05
2021,None,Malaysia,4752645000.0,9004253000.0,4251608000.0,0.04304261376936125,0.05138741509003389,0.00834480132067264
2021,None,Vietnam,790858000.0,2612159000.0,1821301000.0,0.007035713461350328,0.014973689134857048,0.007937975673506719
2021,None,Japan,8726514500.0,15718932000.0,6992417500.0,0.07858865268816306,0.08983518927406092,0.01124653658589786
2021,None,South Korea,7809822000.0,12686237500.0,4876415500.0,0.07007606879075129,0.07214353182712357,0.0020674630363722857
2021,None,TOTAL (All markets),943661135.5932204,1594340781.8181818,650679646.2249614,0.00847457627118644,0.00909090909090909,0.0006163328197226498
2022,None,China,45508559500.0,47872365000.0,2363805500.0,0.329192959390878,0.28870805369399843,-0.04048490569687957
2022,None,United States,1825774500.0,5450408000.0,3624633500.0,0.013147075122553994,0.03292432349309571,0.019777248370541713
2022,None,Hong Kong,38833770000.0,39951580500.0,1117810500.0,0.27843955365996265,0.24083445523306185,-0.037605098426900796
2022,None,Singapore,16616080000.0,21047134500.0,4431054500.0,0.1194455797678752,0.12692184090736394,0.007476261139488738
2022,None,Malaysia,5549185000.0,9313467500.0,3764282500.0,0.03988120525422224,0.05618141882819566,0.01630021357397342
2022,None,Vietnam,1403905500.0,3554041000.0,2150135500.0,0.009849154346289045,0.021455198056131625,0.01160604370984258
2022,None,Japan,10620317500.0,13039737500.0,2419420000.0,0.07643003879451019,0.07856013667930117,0.002130097884790988
2022,None,South Korea,10127679000.0,12389153000.0,2261474000.0,0.07265660890705342,0.07474096988593062,0.002084360978877209
2022,None,TOTAL (All markets),1162691334.7280335,1514424347.0319636,351733012.30393004,0.008368200836820083,0.009132420091324199,0.0007642192545041157
2022,None,China,45508559500.0,47872365000.0,2363805500.0,0.329192959390878,0.28870805369399843,-0.04048490569687957
2022,None,United States,1825774500.0,5450408000.0,3624633500.0,0.013147075122553994,0.03292432349309571,0.019777248370541713
2022,None,Hong Kong,38833770000.0,39951580500.0,1117810500.0,0.27843955365996265,0.24083445523306185,-0.037605098426900796
2022,None,Singapore,16616080000.0,21047134500.0,4431054500.0,0.1194455797678752,0.12692184090736394,0.007476261139488738
2022,None,Malaysia,5549185000.0,9313467500.0,3764282500.0,0.03988120525422224,0.05618141882819566,0.01630021357397342
2022,None,Vietnam,1403905500.0,3554041000.0,2150135500.0,0.009849154346289045,0.021455198056131625,0.01160604370984258
2022,None,Japan,10620317500.0,13039737500.0,2419420000.0,0.07643003879451019,0.07856013667930117,0.002130097884790988
2022,None,South Korea,10127679000.0,12389153000.0,2261474000.0,0.07265660890705342,0.07474096988593062,0.002084360978877209
2022,None,TOTAL (All markets),1162691334.7280335,1514424347.0319636,351733012.30393004,0.008368200836820083,0.009132420091324199,0.0007642192545041157
2022,None,China,45508559500.0,47872365000.0,2363805500.0,0.329192959390878,0.28870805369399843,-0.04048490569687957
2022,None,United States,1825774500.0,5450408000.0,3624633500.0,0.013147075122553994,0.03292432349309571,0.019777248370541713
2022,None,Hong Kong,38833770000.0,39951580500.0,1117810500.0,0.27843955365996265,0.24083445523306185,-0.037605098426900796
2022,None,Singapore,16616080000.0,21047134500.0,4431054500.0,0.1194455797678752,0.12692184090736394,0.007476261139488738
2022,None,Malaysia,5549185000.0,9313467500.0,3764282500.0,0.03988120525422224,0.05618141882819566,0.01630021357397342
2022,None,Vietnam,1403905500.0,3554041000.0,2150135500.0,0.009849154346289045,0.021455198056131625,0.01160604370984258
2022,None,Japan,10620317500.0,13039737500.0,2419420000.0,0.07643003879451019,0.07856013667930117,0.002130097884790988
2022,None,South Korea,10127679000.0,12389153000.0,2261474000.0,0.07265660890705342,0.07474096988593062,0.002084360978877209
2022,None,TOTAL (All markets),1162691334.7280335,1514424347.0319636,351733012.30393004,0.008368200836820083,0.009132420091324199,0.0007642192545041157
2022,None,China,45508559500.0,47872365000.0,2363805500.0,0.329192959390878,0.28870805369399843,-0.04048490569687957
2022,None,United States,1825774500.0,5450408000.0,3624633500.0,0.013147075122553994,0.03292432349309571,0.019777248370541713
2022,None,Hong Kong,38833770000.0,39951580500.0,1117810500.0,0.27843955365996265,0.24083445523306185,-0.037605098426900796
2022,None,Singapore,16616080000.0,21047134500.0,4431054500.0,0.1194455797678752,0.12692184090736394,0.007476261139488738
2022,None,Malaysia,5549185000.0,9313467500.0,3764282500.0,0.03988120525422224,0.05618141882819566,0.01630021357397342
2022,None,Vietnam,1403905500.0,3554041000.0,2150135500.0,0.009849154346289045,0.021455198056131625,0.01160604370984258
2022,None,Japan,10620317500.0,13039737500.0,2419420000.0,0.07643003879451019,0.07856013667930117,0.002130097884790988
2022,None,South Korea,10127679000.0,12389153000.0,2261474000.0,0.07265660890705342,0.07474096988593062,0.002084360978877209
2022,None,TOTAL (All markets),1162691334.7280335,1514424347.0319636,351733012.30393004,0.008368200836820083,0.009132420091324199,0.0007642192545041157
2023,None,China,53286905000.0,37904957500.0,-15381947500.0,0.31390861012238946,0.2713665740321062,-0.042542036090283286
2023,None,United States,2634857500.0,6088774500.0,3453917000.0,0.015327472815086906,0.044174602833712114,0.028847130018625208
2023,None,Hong Kong,46940044500.0,33146907500.0,-13793137000.0,0.277264232068045,0.24583799819687951,-0.0314262338711655
2023,None,Singapore,19637883000.0,16380573500.0,-3257309500.0,0.11603226736737493,0.1171918506945668,0.0011595833271918626
2023,None,Malaysia,7786039500.0,9094312500.0,1308273000.0,0.045423319131302965,0.0677244219498335,0.02230110281853053
2023,None,Vietnam,2164844500.0,4055759500.0,1890915000.0,0.012689232180845163,0.03031297531461441,0.017623743133769246
2023,None,Japan,13838115500.0,8342874000.0,-5495241500.0,0.08110006067531997,0.060101183224880964,-0.020998877450439005
2023,None,South Korea,12800576500.0,11211078500.0,-1589498000.0,0.07532065855178408,0.08168616609276683,0.006365507540982751
2023,None,TOTAL (All markets),1483111419.2139738,1327611410.6280193,-155500008.58595443,0.008733624454148471,0.00966183574879227,0.0009282112946437989
2023,None,China,53286905000.0,37904957500.0,-15381947500.0,0.31390861012238946,0.2713665740321062,-0.042542036090283286
2023,None,United States,2634857500.0,6088774500.0,3453917000.0,0.015327472815086906,0.044174602833712114,0.028847130018625208
2023,None,Hong Kong,46940044500.0,33146907500.0,-13793137000.0,0.277264232068045,0.24583799819687951,-0.0314262338711655
2023,None,Singapore,19637883000.0,16380573500.0,-3257309500.0,0.11603226736737493,0.1171918506945668,0.0011595833271918626
2023,None,Malaysia,7786039500.0,9094312500.0,1308273000.0,0.045423319131302965,0.0677244219498335,0.02230110281853053
2023,None,Vietnam,2164844500.0,4055759500.0,1890915000.0,0.012689232180845163,0.03031297531461441,0.017623743133769246
2023,None,Japan,13838115500.0,8342874000.0,-5495241500.0,0.08110006067531997,0.060101183224880964,-0.020998877450439005
2023,None,South Korea,12800576500.0,11211078500.0,-1589498000.0,0.07532065855178408,0.08168616609276683,0.006365507540982751
2023,None,TOTAL (All markets),1483111419.2139738,1327611410.6280193,-155500008.58595443,0.008733624454148471,0.00966183574879227,0.0009282112946437989
2023,None,China,53286905000.0,37904957500.0,-15381947500.0,0.31390861012238946,0.2713665740321062,-0.042542036090283286
2023,None,United States,2634857500.0,6088774500.0,3453917000.0,0.015327472815086906,0.044174602833712114,0.028847130018625208
2023,None,Hong Kong,46940044500.0,33146907500.0,-13793137000.0,0.277264232068045,0.24583799819687951,-0.0314262338711655
2023,None,Singapore,19637883000.0,16380573500.0,-3257309500.0,0.11603226736737493,0.1171918506945668,0.0011595833271918626
2023,None,Malaysia,7786039500.0,9094312500.0,1308273000.0,0.045423319131302965,0.0677244219498335,0.02230110281853053
2023,None,Vietnam,2164844500.0,4055759500.0,1890915000.0,0.012689232180845163,0.03031297531461441,0.017623743133769246
2023,None,Japan,13838115500.0,8342874000.0,-5495241500.0,0.08110006067531997,0.060101183224880964,-0.020998877450439005
2023,None,South Korea,12800576500.0,11211078500.0,-1589498000.0,0.07532065855178408,0.08168616609276683,0.006365507540982751
2023,None,TOTAL (All markets),1483111419.2139738,1327611410.6280193,-155500008.58595443,0.008733624454148471,0.00966183574879227,0.0009282112946437989
2023,None,China,53286905000.0,37904957500.0,-15381947500.0,0.31390861012238946,0.2713665740321062,-0.042542036090283286
2023,None,United States,2634857500.0,6088774500.0,3453917000.0,0.015327472815086906,0.044174602833712114,0.028847130018625208
2023,None,Hong Kong,46940044500.0,33146907500.0,-13793137000.0,0.277264232068045,0.24583799819687951,-0.0314262338711655
2023,None,Singapore,19637883000.0,16380573500.0,-3257309500.0,0.11603226736737493,0.1171918506945668,0.0011595833271918626
2023,None,Malaysia,7786039500.0,9094312500.0,1308273000.0,0.045423319131302965,0.0677244219498335,0.02230110281853053
2023,None,Vietnam,2164844500.0,4055759500.0,1890915000.0,0.012689232180845163,0.03031297531461441,0.017623743133769246
2023,None,Japan,13838115500.0,8342874000.0,-5495241500.0,0.08110006067531997,0.060101183224880964,-0.020998877450439005
2023,None,South Korea,12800576500.0,11211078500.0,-1589498000.0,0.07532065855178408,0.08168616609276683,0.006365507540982751
2023,None,TOTAL (All markets),1483111419.2139738,1327611410.6280193,-155500008.58595443,0.008733624454148471,0.00966183574879227,0.0009282112946437989
2024,None,China,52409531000.0,27337859000.0,-25071672000.0,0.2981191760891705,0.2490350570529432,-0.04908411903622728
2024,None,United States,3365778500.0,4774427000.0,1408648500.0,0.019277273427116617,0.0434927877980537,0.02421551437093708
2024,None,Hong Kong,46157628000.0,29502178000.0,-16655450000.0,0.26297865780653673,0.26875098673294373,0.005772328926407
2024,None,Singapore,20804466500.0,11762333000.0,-9042133500.0,0.11900649197192889,0.10714932978953168,-0.011857162182397213
2024,None,Malaysia,9004253000.0,8274875000.0,-729378000.0,0.05138741509003389,0.07538022519360325,0.023992810103569365
2024,None,Vietnam,2612159000.0,3762535000.0,1150376000.0,0.014973689134857048,0.034274926883948585,0.019301237749091538
2024,None,Japan,15718932000.0,6261911000.0,-9457021000.0,0.08983518927406092,0.05704306848409207,-0.032792120789968855
2024,None,South Korea,12686237500.0,9019694000.0,-3666543500.0,0.07214353182712357,0.08216517650084044,0.01002164467371687
2024,None,TOTAL (All markets),1594340781.8181818,1120154520.4081633,-474186261.41001844,0.00909090909090909,0.01020408163265306,0.00111317254174397
2024,None,China,52409531000.0,27337859000.0,-25071672000.0,0.2981191760891705,0.2490350570529432,-0.04908411903622728
2024,None,United States,3365778500.0,4774427000.0,1408648500.0,0.019277273427116617,0.0434927877980537,0.02421551437093708
2024,None,Hong Kong,46157628000.0,29502178000.0,-16655450000.0,0.26297865780653673,0.26875098673294373,0.005772328926407
2024,None,Singapore,20804466500.0,11762333000.0,-9042133500.0,0.11900649197192889,0.10714932978953168,-0.011857162182397213
2024,None,Malaysia,9004253000.0,8274875000.0,-729378000.0,0.05138741509003389,0.07538022519360325,0.023992810103569365
2024,None,Vietnam,2612159000.0,3762535000.0,1150376000.0,0.014973689134857048,0.034274926883948585,0.019301237749091538
2024,None,Japan,15718932000.0,6261911000.0,-9457021000.0,0.08983518927406092,0.05704306848409207,-0.032792120789968855
2024,None,South Korea,12686237500.0,9019694000.0,-3666543500.0,0.07214353182712357,0.08216517650084044,0.01002164467371687
2024,None,TOTAL (All markets),1594340781.8181818,1120154520.4081633,-474186261.41001844,0.00909090909090909,0.01020408163265306,0.00111317254174397
2024,None,China,52409531000.0,27337859000.0,-25071672000.0,0.2981191760891705,0.2490350570529432,-0.04908411903622728
2024,None,United States,3365778500.0,4774427000.0,1408648500.0,0.019277273427116617,0.0434927877980537,0.02421551437093708
2024,None,Hong Kong,46157628000.0,29502178000.0,-16655450000.0,0.26297865780653673,0.26875098673294373,0.005772328926407
2024,None,Singapore,20804466500.0,11762333000.0,-9042133500.0,0.11900649197192889,0.10714932978953168,-0.011857162182397213
2024,None,Malaysia,9004253000.0,8274875000.0,-729378000.0,0.05138741509003389,0.07538022519360325,0.023992810103569365
2024,None,Vietnam,2612159000.0,3762535000.0,1150376000.0,0.014973689134857048,0.034274926883948585,0.019301237749091538
2024,None,Japan,15718932000.0,6261911000.0,-9457021000.0,0.08983518927406092,0.05704306848409207,-0.032792120789968855
2024,None,South Korea,12686237500.0,9019694000.0,-3666543500.0,0.07214353182712357,0.08216517650084044,0.01002164467371687
2024,None,TOTAL (All markets),1594340781.8181818,1120154520.4081633,-474186261.41001844,0.00909090909090909,0.01020408163265306,0.00111317254174397
2024,None,China,52409531000.0,27337859000.0,-25071672000.0,0.2981191760891705,0.2490350570529432,-0.04908411903622728
2024,None,United States,3365778500.0,4774427000.0,1408648500.0,0.019277273427116617,0.0434927877980537,0.02421551437093708
2024,None,Hong Kong,46157628000.0,29502178000.0,-16655450000.0,0.26297865780653673,0.26875098673294373,0.005772328926407
2024,None,Singapore,20804466500.0,11762333000.0,-9042133500.0,0.11900649197192889,0.10714932978953168,-0.011857162182397213
2024,None,Malaysia,9004253000.0,8274875000.0,-729378000.0,0.05138741509003389,0.07538022519360325,0.023992810103569365
2024,None,Vietnam,2612159000.0,3762535000.0,1150376000.0,0.014973689134857048,0.034274926883948585,0.019301237749091538
2024,None,Japan,15718932000.0,6261911000.0,-9457021000.0,0.08983518927406092,0.05704306848409207,-0.032792120789968855
2024,None,South Korea,12686237500.0,9019694000.0,-3666543500.0,0.07214353182712357,0.08216517650084044,0.01002164467371687
2024,None,TOTAL (All markets),1594340781.8181818,1120154520.4081633,-474186261.41001844,0.00909090909090909,0.01020408163265306,0.00111317254174397
2025,White House announces 50% tariff on China-made semiconductors,China,47872365000.0,,,0.28870805369399843,,
2025,White House announces 50% tariff on China-made semiconductors,United States,5450408000.0,,,0.03292432349309571,,
2025,White House announces 50% tariff on China-made semiconductors,Hong Kong,39951580500.0,,,0.24083445523306185,,
2025,White House announces 50% tariff on China-made semiconductors,Singapore,21047134500.0,,,0.12692184090736394,,
2025,White House announces 50% tariff on China-made semiconductors,Malaysia,9313467500.0,,,0.05618141882819566,,
2025,White House announces 50% tariff on China-made semiconductors,Vietnam,3554041000.0,,,0.021455198056131625,,
2025,White House announces 50% tariff on China-made semiconductors,Japan,13039737500.0,,,0.07856013667930117,,
2025,White House announces 50% tariff on China-made semiconductors,South Korea,12389153000.0,,,0.07474096988593062,,
2025,White House announces 50% tariff on China-made semiconductors,TOTAL (All markets),1514424347.0319636,,,0.009132420091324199,,
2025,White House announces 50% tariff on China-made semiconductors,China,47872365000.0,,,0.28870805369399843,,
2025,White House announces 50% tariff on China-made semiconductors,United States,5450408000.0,,,0.03292432349309571,,
2025,White House announces 50% tariff on China-made semiconductors,Hong Kong,39951580500.0,,,0.24083445523306185,,
2025,White House announces 50% tariff on China-made semiconductors,Singapore,21047134500.0,,,0.12692184090736394,,
2025,White House announces 50% tariff on China-made semiconductors,Malaysia,9313467500.0,,,0.05618141882819566,,
2025,White House announces 50% tariff on China-made semiconductors,Vietnam,3554041000.0,,,0.021455198056131625,,
2025,White House announces 50% tariff on China-made semiconductors,Japan,13039737500.0,,,0.07856013667930117,,
2025,White House announces 50% tariff on China-made semiconductors,South Korea,12389153000.0,,,0.07474096988593062,,
2025,White House announces 50% tariff on China-made semiconductors,TOTAL (All markets),1514424347.0319636,,,0.009132420091324199,,
2025,White House announces 50% tariff on China-made semiconductors,China,47872365000.0,,,0.28870805369399843,,
2025,White House announces 50% tariff on China-made semiconductors,United States,5450408000.0,,,0.03292432349309571,,
2025,White House announces 50% tariff on China-made semiconductors,Hong Kong,39951580500.0,,,0.24083445523306185,,
2025,White House announces 50% tariff on China-made semiconductors,Singapore,21047134500.0,,,0.12692184090736394,,
2025,White House announces 50% tariff on China-made semiconductors,Malaysia,9313467500.0,,,0.05618141882819566,,
2025,White House announces 50% tariff on China-made semiconductors,Vietnam,3554041000.0,,,0.021455198056131625,,
2025,White House announces 50% tariff on China-made semiconductors,Japan,13039737500.0,,,0.07856013667930117,,
2025,White House announces 50% tariff on China-made semiconductors,South Korea,12389153000.0,,,0.07474096988593062,,
2025,White House announces 50% tariff on China-made semiconductors,TOTAL (All markets),1514424347.0319636,,,0.009132420091324199,,
2025,White House announces 50% tariff on China-made semiconductors,China,47872365000.0,,,0.28870805369399843,,
2025,White House announces 50% tariff on China-made semiconductors,United States,5450408000.0,,,0.03292432349309571,,
2025,White House announces 50% tariff on China-made semiconductors,Hong Kong,39951580500.0,,,0.24083445523306185,,
2025,White House announces 50% tariff on China-made semiconductors,Singapore,21047134500.0,,,0.12692184090736394,,
2025,White House announces 50% tariff on China-made semiconductors,Malaysia,9313467500.0,,,0.05618141882819566,,
2025,White House announces 50% tariff on China-made semiconductors,Vietnam,3554041000.0,,,0.021455198056131625,,
2025,White House announces 50% tariff on China-made semiconductors,Japan,13039737500.0,,,0.07856013667930117,,
2025,White House announces 50% tariff on China-made semiconductors,South Korea,12389153000.0,,,0.07474096988593062,,
2025,White House announces 50% tariff on China-made semiconductors,TOTAL (All markets),1514424347.0319636,,,0.009132420091324199,,
